?遺꾨쪟,?곹샇紐??낆쥌,?곸뾽?щ?,援ъ＜???꾨줈紐?二쇱냼,
?쇰컲?뚯떇??諛깆냼???명븯??꾨Ц???쇱떇,?곸뾽/?뺤긽,?몄쿇愿묒뿭??誘몄텛?援??⑺쁽??191-4,"?몄쿇愿묒뿭??誘몄텛?援??명븯濡?73-1, 1痢??쇰???(?⑺쁽??",
?쇰컲?뚯떇???섑븯?덈㈃,湲고?,?곸뾽/?뺤긽,?몄쿇愿묒뿭??誘몄텛?援??⑺쁽??191-94,"?몄쿇愿묒뿭??誘몄텛?援??명븯濡?7踰덇만 6-23, 2痢?(?⑺쁽??"
?쇰컲?뚯떇??諛μ쨪源??좎＜源??쒖떇,?곸뾽/?뺤긽,"?몄쿇愿묒뿭??誘몄텛?援??⑺쁽??39-26 1異⑸룞 醫뚯륫??""?몄쿇愿묒뿭??誘몄텛?援??명븯濡?152"," 1痢?醫뚯륫??(?⑺쁽??""",
?쇰컲?뚯떇???고봽?섏슦???쒖떇,?곸뾽/?뺤긽,?몄쿇愿묒뿭??誘몄텛?援??⑺쁽??181-17踰덉?,?몄쿇愿묒뿭??誘몄텛?援??명븯濡?7踰덇만 26 (?⑺쁽??,
?쇰컲?뚯떇???≪뙂?됰㈃,遺꾩떇,?곸뾽/?뺤긽,?몄쿇愿묒뿭??誘몄텛?援??⑺쁽??199-4,?몄쿇愿묒뿭??誘몄텛?援??명븯濡?55-1 (?⑺쁽??
?쇰컲?뚯떇??怨좊쭏?뚭컧?먰깢,?쒖떇,?곸뾽/?뺤긽,?몄쿇愿묒뿭??誘몄텛?援??⑺쁽??92-37踰덉?,?몄쿇愿묒뿭??誘몄텛?援??명븯濡?19踰덇만 7 (?⑺쁽??
?쇰컲?뚯떇??泥쒖????명봽/?듬떗,?곸뾽/?뺤긽,?몄쿇愿묒뿭??誘몄텛?援??⑺쁽??182-1 (2痢?,?몄쿇愿묒뿭??誘몄텛?援??명븯濡?7踰덇만 22 (?⑺쁽??(2痢?),
?쇰컲?뚯떇??源異⑷린 苑껋궪寃??쒖떇,?곸뾽/?뺤긽,?몄쿇愿묒뿭??誘몄텛?援??⑺쁽??96-8踰덉?,"?몄쿇愿묒뿭??誘몄텛?援??명븯濡?19踰덇만 43, 102??(?⑺쁽??",
?쇰컲?뚯떇??KFC?명븯???湲고?,?곸뾽/?뺤긽,?몄쿇愿묒뿭??誘몄텛?援??⑺쁽??188-19,?몄쿇愿묒뿭??誘몄텛?援??명븯濡?7踰덇만 8 (?⑺쁽??,
?쇰컲?뚯떇??BHC移섑궓 ?명븯????명봽/?듬떗,?곸뾽/?뺤긽,"?몄쿇愿묒뿭??誘몄텛?援??⑺쁽??52-19 ??좎븘?몃퉴??""?몄쿇愿묒뿭??誘몄텛?援??명븯濡?47踰덇만 21"," 3??102??(?⑺쁽?? ??좎븘?몃퉴??""",
?쇰컲?뚯떇??誘몄뿰?붾났諛섏젏,以묎뎅???곸뾽/?뺤긽,?몄쿇愿묒뿭??誘몄텛?援??⑺쁽??184-1踰덉?,"?몄쿇愿묒뿭??誘몄텛?援??명븯濡?05踰덇만 27, 1痢?(?⑺쁽??",
?쇰컲?뚯떇????닔猷??쒖떇,?곸뾽/?뺤긽,?몄쿇愿묒뿭??誘몄텛?援??⑺쁽??92-25,"?몄쿇愿묒뿭??誘몄텛?援??명븯濡?115-4, 102??(?⑺쁽??",
?쇰컲?뚯떇???붿콈?쒕컯???명븯???湲고?,?곸뾽/?뺤긽,?몄쿇愿묒뿭??誘몄텛?援??⑺쁽??66-28,"?몄쿇愿묒뿭??誘몄텛?援??명븯濡?33踰덇만 30, 1痢?2??(?⑺쁽??",
?쇰컲?뚯떇??移댄럹諛μ뿏??湲고?,?곸뾽/?뺤긽,?몄쿇愿묒뿭??誘몄텛?援??⑺쁽??187-13 ?곌퐙留덉쓣,"?몄쿇愿묒뿭??誘몄텛?援??명븯濡?1踰덇만 4, ?곌퐙留덉쓣 1痢??쇰???(?⑺쁽??",
?쇰컲?뚯떇??移댄럹諛μ뿏??湲고?,?곸뾽/?뺤긽,?몄쿇愿묒뿭??誘몄텛?援??⑺쁽??187-13 ?곌퐙留덉쓣,"?몄쿇愿묒뿭??誘몄텛?援??명븯濡?1踰덇만 4, ?곌퐙留덉쓣 2痢?(?⑺쁽??",
?쇰컲?뚯떇???꾪뵆??湲고?,?곸뾽/?뺤긽,?몄쿇愿묒뿭??誘몄텛?援??⑺쁽??188-1,"?몄쿇愿묒뿭??誘몄텛?援??명븯濡?1踰덇만 9, 1痢?(?⑺쁽??",
"?쇰컲?뚯떇???뷀샇??""?멸뎅?뚯떇?꾨Ц???몃룄","?쒓뎅??""",?곸뾽/?뺤긽,?몄쿇愿묒뿭??誘몄텛?援??⑺쁽??187-20,"?몄쿇愿묒뿭??誘몄텛?援??명븯濡?99, 1痢??쇰???(?⑺쁽??"
?쇰컲?뚯떇??釉붾옓???명븯???遺꾩떇,?곸뾽/?뺤긽,?몄쿇愿묒뿭??誘몄텛?援??⑺쁽??195-28,"?몄쿇愿묒뿭??誘몄텛?援??명븯濡?7踰덇만 24-23, 2痢?(?⑺쁽??",
?쇰컲?뚯떇???먯컻 ?명븯????쒖떇,?곸뾽/?뺤긽,?몄쿇愿묒뿭??誘몄텛?援??⑺쁽??193-3,"?몄쿇愿묒뿭??誘몄텛?援??명븯濡?7踰덇만 6-11, 吏??痢?(?⑺쁽??",
?쇰컲?뚯떇??議곗꽑?뺣컲 ?명븯?吏곸쁺???쒖떇,?곸뾽/?뺤긽,"?몄쿇愿묒뿭??誘몄텛?援??⑺쁽??193-1 1痢?""?몄쿇愿묒뿭??誘몄텛?援??명븯濡?7踰덇만 6-19"," 1痢?(?⑺쁽??""",
?쇰컲?뚯떇???명븯洹쒖뭅痢??쇱떇,?곸뾽/?뺤긽,?몄쿇愿묒뿭??誘몄텛?援??⑺쁽??190-32,"?몄쿇愿묒뿭??誘몄텛?援??명븯濡?83, 媛??2痢?1??(?⑺쁽??",
?쇰컲?뚯떇???ㅻ??λ쭏?쇳깢 ?명븯???以묎뎅???곸뾽/?뺤긽,?몄쿇愿묒뿭??誘몄텛?援??⑺쁽??39-9,"?몄쿇愿묒뿭??誘몄텛?援??명븯濡?158, 1痢?醫뚯륫??(?⑺쁽??",,
?쇰컲?뚯떇???곕━??李??쒖슦?뺤쑁?앸떦,?앹쑁(??텋援ъ씠),?곸뾽/?뺤긽,?몄쿇愿묒뿭??誘몄텛?援??⑺쁽??179-24踰덉?,?몄쿇愿묒뿭??誘몄텛?援??명븯濡?05踰덇만 39 (?⑺쁽??
?쇰컲?뚯떇??李몄깉諛⑹븮媛??명봽/?듬떗,?곸뾽/?뺤긽,?몄쿇愿묒뿭??誘몄텛?援??⑺쁽??77-36踰덉?,?몄쿇愿묒뿭??誘몄텛?援??명븯濡?33踰덇만 43 (?⑺쁽??,
?쇰컲?뚯떇???댁??덉씤77,?뺤쥌/??ъ쭛/?뚯＜諛??곸뾽/?뺤긽,?몄쿇愿묒뿭??誘몄텛?援??⑺쁽??191-91,?몄쿇愿묒뿭??誘몄텛?援??명븯濡?7踰덇만 7 (?⑺쁽??,
?쇰컲?뚯떇??泥쒕깷?섏슦??湲고?,?곸뾽/?뺤긽,?몄쿇愿묒뿭??誘몄텛?援??⑺쁽??52-19踰덉?,?몄쿇愿묒뿭??誘몄텛?援??명븯濡?47踰덇만 21 (?⑺쁽??,
?쇰컲?뚯떇??臾댁?媛쒕㎘二??명봽/?듬떗,?곸뾽/?뺤긽,?몄쿇愿묒뿭??誘몄텛?援??⑺쁽??195-13,"?몄쿇愿묒뿭??誘몄텛?援??명븯濡?7踰덇만 24-31, 1痢?(?⑺쁽??",
?쇰컲?뚯떇??留뱁샇?섏젣?덇퉴??寃쎌뼇???곸뾽/?뺤긽,?몄쿇愿묒뿭??誘몄텛?援??⑺쁽??67-14 ?꾪겕濡쒕퉴,"?몄쿇愿묒뿭??誘몄텛?援??명븯濡?33踰덇만 46, 103??(?⑺쁽?? ?꾪겕濡쒕퉴)",,
?쇰컲?뚯떇???κ퀬湲?7踰덇만,?쒖떇,?곸뾽/?뺤긽,?몄쿇愿묒뿭??誘몄텛?援??⑺쁽??195-30,"?몄쿇愿묒뿭??誘몄텛?援??명븯濡?7踰덇만 24-17, 2痢?(?⑺쁽??"
?쇰컲?뚯떇???쒖옣???щ뒗 ?щ엺???뺤쥌/??ъ쭛/?뚯＜諛??곸뾽/?뺤긽,?몄쿇愿묒뿭??誘몄텛?援??⑺쁽??195-13,"?몄쿇愿묒뿭??誘몄텛?援??명븯濡?7踰덇만 24-31, 2痢?(?⑺쁽??",,
?쇰컲?뚯떇??彛곸씠??遺꾩떇,遺꾩떇,?곸뾽/?뺤긽,?몄쿇愿묒뿭??誘몄텛?援??⑺쁽??79-10,"?몄쿇愿묒뿭??誘몄텛?援??명븯濡?1踰덇만 98, 1痢?????肄붾꼫) (?⑺쁽??"
?쇰컲?뚯떇???щ큺??湲고?,?곸뾽/?뺤긽,?몄쿇愿묒뿭??誘몄텛?援??⑺쁽??37-4,"?몄쿇愿묒뿭??誘몄텛?援??명븯濡?172, 1痢??곗륫??(?⑺쁽??",
?쇰컲?뚯떇???명븯濡??쒖떇,?곸뾽/?뺤긽,?몄쿇愿묒뿭??誘몄텛?援??⑺쁽??172-21,"?몄쿇愿묒뿭??誘몄텛?援??명븯濡?7踰덇만 99, 1痢?(?⑺쁽??",
?쇰컲?뚯떇??1987 踰꾧굅 ???쇱옄,湲고?,?곸뾽/?뺤긽,?몄쿇愿묒뿭??誘몄텛?援??⑺쁽??188-6,"?몄쿇愿묒뿭??誘몄텛?援??명븯濡?7踰덇만 6-35, 1痢?(?⑺쁽??"
"?쇰컲?뚯떇???뷀샇??耳諛?""?멸뎅?뚯떇?꾨Ц???몃룄","?쒓뎅??""",?곸뾽/?뺤긽,?몄쿇愿묒뿭??誘몄텛?援??⑺쁽??187-20,"?몄쿇愿묒뿭??誘몄텛?援??명븯濡?99, 1痢?留⑥쥖痢≫샇 (?⑺쁽??"
?쇰컲?뚯떇???좊쭏??湲고?,?곸뾽/?뺤긽,?몄쿇愿묒뿭??誘몄텛?援??⑺쁽??37-3踰덉?,?몄쿇愿묒뿭??誘몄텛?援??명븯濡?174 (?⑺쁽??,
?쇰컲?뚯떇???쇱옄?뚮낵濡??⑺쁽???⑥뒪?명뫖???곸뾽/?뺤긽,?몄쿇愿묒뿭??誘몄텛?援??⑺쁽??92-48,?몄쿇愿묒뿭??誘몄텛?援??명븯濡?113 (?⑺쁽??,,
?쇰컲?뚯떇??而ㅻ━??湲고?,?곸뾽/?뺤긽,?몄쿇愿묒뿭??誘몄텛?援??⑺쁽??199-8,"?몄쿇愿묒뿭??誘몄텛?援??명븯濡?57, 2痢?(?⑺쁽??",
?쇰컲?뚯떇????④났???⑥뒪?명뫖???곸뾽/?뺤긽,?몄쿇愿묒뿭??誘몄텛?援??⑺쁽??191-2,"?몄쿇愿묒뿭??誘몄텛?援??명븯濡?75-1, 1痢?(?⑺쁽??",,
"?쇰컲?뚯떇????댁뒪??""?멸뎅?뚯떇?꾨Ц???몃룄","?쒓뎅??""",?곸뾽/?뺤긽,"?몄쿇愿묒뿭??誘몄텛?援??⑺쁽??198-27踰덉? , 2痢?,?몄쿇愿묒뿭??誘몄텛?援??명븯濡?7踰덇만 5"," 2痢?(?⑺쁽??"""
?쇰컲?뚯떇???댁튂?쇰찘 & ?덇?痢?湲고?,?곸뾽/?뺤긽,"?몄쿇愿묒뿭??誘몄텛?援??⑺쁽??198-28 ?먮（梨?""?몄쿇愿묒뿭??誘몄텛?援??명븯濡?7踰덇만 5-6"," ?먮（梨?1痢?(?⑺쁽??""",
?쇰컲?뚯떇???꾨꼍??源諛?遺꾩떇,?곸뾽/?뺤긽,?몄쿇愿묒뿭??誘몄텛?援??⑺쁽??190-15,"?몄쿇愿묒뿭??誘몄텛?援??명븯濡?79, 吏??痢?(?⑺쁽??",
?쇰컲?뚯떇???명븯 ?뺤씪??以묎뎅???곸뾽/?뺤긽,?몄쿇愿묒뿭??誘몄텛?援??⑺쁽??191-93,?몄쿇愿묒뿭??誘몄텛?援??명븯濡?7踰덇만 6-27 (?⑺쁽??,,
?쇰컲?뚯떇??諛?뚮옖鍮??⑥뒪?명뫖???곸뾽/?뺤긽,?몄쿇愿묒뿭??誘몄텛?援??⑺쁽??188-25踰덉?,?몄쿇愿묒뿭??誘몄텛?援??명븯濡?7踰덇만 6-19 (?⑺쁽??,,
?쇰컲?뚯떇???쇱옄?섎씪移섑궓吏??쒖떇,?곸뾽/?뺤긽,?몄쿇愿묒뿭??誘몄텛?援??⑺쁽??171-4,?몄쿇愿묒뿭??誘몄텛?援??명븯濡?7踰덇만 91 (?⑺쁽??,
?쇰컲?뚯떇???좎??섏궛,?쒖떇,?곸뾽/?뺤긽,?몄쿇愿묒뿭??誘몄텛?援??⑺쁽??9-12,?몄쿇愿묒뿭??誘몄텛?援??명븯濡?63踰덇만 38 (?⑺쁽??
?쇰컲?뚯떇??誘몃줈怨깆갹,?쒖떇,?곸뾽/?뺤긽,"?몄쿇愿묒뿭??誘몄텛?援??⑺쁽??195-21 , 1痢?,?몄쿇愿묒뿭??誘몄텛?援??명븯濡?7踰덇만 37"," 1痢?(?⑺쁽??"""
?쇰컲?뚯떇????걧硫섑꽣由ъ튂???듬떗(移섑궓),?곸뾽/?뺤긽,?몄쿇愿묒뿭??誘몄텛?援??⑺쁽??181-7踰덉?,?몄쿇愿묒뿭??誘몄텛?援??명븯濡?7踰덇만 34 (?⑺쁽??,
?쇰컲?뚯떇???밴?(若????명봽/?듬떗,?곸뾽/?뺤긽,?몄쿇愿묒뿭??誘몄텛?援??⑺쁽??181-12,?몄쿇愿묒뿭??誘몄텛?援??명븯濡?7踰덇만 30 (?⑺쁽??,
?쇰컲?뚯떇??瑗ш섕諛?吏묒쑝濡쒖궪寃??⑺쁽???쒖떇,?곸뾽/?뺤긽,"?몄쿇愿묒뿭??誘몄텛?援??⑺쁽??52-20 , ??좎븘?몃퉴??2??101??,?몄쿇愿묒뿭??誘몄텛?援??명븯濡?47踰덇만 17"," 2??101??(?⑺쁽?? ??좎븘?몃퉴??""",
?쇰컲?뚯떇??肄⑸텋?명븯???湲고?,?곸뾽/?뺤긽,?몄쿇愿묒뿭??誘몄텛?援??⑺쁽??188-2踰덉?,?몄쿇愿묒뿭??誘몄텛?援??명븯濡?7踰덇만 6-41 (?⑺쁽??,
?쇰컲?뚯떇??誘몃줈??MIRO PUB),?뺤쥌/??ъ쭛/?뚯＜諛??곸뾽/?뺤긽,?몄쿇愿묒뿭??誘몄텛?援??⑺쁽??195-21,"?몄쿇愿묒뿭??誘몄텛?援??명븯濡?7踰덇만 37, 吏??痢?(?⑺쁽??",
?쇰컲?뚯떇??吏꾪뭹?꾩쭛,?쒖떇,?곸뾽/?뺤긽,?몄쿇愿묒뿭??誘몄텛?援??⑺쁽??169-12,"?몄쿇愿묒뿭??誘몄텛?援??명븯濡?7踰덇만 71, 1痢?(?⑺쁽??"
?쇰컲?뚯떇??吏肄붾컮,?명봽/?듬떗,?곸뾽/?뺤긽,"?몄쿇愿묒뿭??誘몄텛?援??⑺쁽??174-25踰덉? ??1?꾩?, 1痢?,?몄쿇愿묒뿭??誘몄텛?援??명븯濡?7踰덇만 123"," 1痢?(?⑺쁽??"""
?쇰컲?뚯떇???좎꽦?몃뱶,湲고?,?곸뾽/?뺤긽,?몄쿇愿묒뿭??誘몄텛?援??⑺쁽??78-4,?몄쿇愿묒뿭??誘몄텛?援??명븯濡?1踰덇만 97 (?⑺쁽??
?쇰컲?뚯떇???쇳뭹遺?李뚭컻,湲고?,?곸뾽/?뺤긽,?몄쿇愿묒뿭??誘몄텛?援??⑺쁽??194-20,?몄쿇愿묒뿭??誘몄텛?援??명븯濡?7踰덇만 19 (?⑺쁽??
?쇰컲?뚯떇???대え?ㅼ떇???쒖떇,?곸뾽/?뺤긽,?몄쿇愿묒뿭??誘몄텛?援??⑺쁽??80-16踰덉?,?몄쿇愿묒뿭??誘몄텛?援??명븯濡?129 (?⑺쁽??,
?쇰컲?뚯떇???ㅻ?留뚯”,?명봽/?듬떗,?곸뾽/?뺤긽,"?몄쿇愿묒뿭??誘몄텛?援??⑺쁽??194-10 2痢?""?몄쿇愿묒뿭??誘몄텛?援??명븯濡?7踰덇만 24-20"," 2痢?(?⑺쁽??"""
?쇰컲?뚯떇??怨좎뼇?대늿,湲고?,?곸뾽/?뺤긽,?몄쿇愿묒뿭??誘몄텛?援??⑺쁽??193-3踰덉?,"?몄쿇愿묒뿭??誘몄텛?援??명븯濡?7踰덇만 6-11, 2痢?(?⑺쁽??"
?쇰컲?뚯떇???肄붿빞??遺꾩떇,?곸뾽/?뺤긽,?몄쿇愿묒뿭??誘몄텛?援??⑺쁽??181-7踰덉?,?몄쿇愿묒뿭??誘몄텛?援??명븯濡?7踰덇만 34 (?⑺쁽??,
?쇰컲?뚯떇???명옓而ㅽ뵾濡쒖뒪?곗뒪,?뺤쥌/??ъ쭛/?뚯＜諛??곸뾽/?뺤긽,?몄쿇愿묒뿭??誘몄텛?援??⑺쁽??193-5,?몄쿇愿묒뿭??誘몄텛?援??명븯濡?7踰덇만 6 (?⑺쁽??,
?쇰컲?뚯떇???몄떇?대몢留덈━移섑궓 ?⑹씪?ш굅由ъ젏,?쒖떇,?곸뾽/?뺤긽,"?몄쿇愿묒뿭??誘몄텛?援??⑺쁽??4-11 , 1痢?,?몄쿇愿묒뿭??誘몄텛?援??명븯濡?63踰덇만 49-28"," 1痢?(?⑺쁽??"""
?쇰컲?뚯떇???쇳겢?쇱빱??湲고?,?곸뾽/?뺤긽,"?몄쿇愿묒뿭??誘몄텛?援??⑺쁽??195-24 2痢?""?몄쿇愿묒뿭??誘몄텛?援??명븯濡?7踰덇만 35"," 2痢?(?⑺쁽??""",
?쇰컲?뚯떇??留λ컲??吏앺깭? ?멸?由?遺꾩떇,?곸뾽/?뺤긽,?몄쿇愿묒뿭??誘몄텛?援??⑺쁽??181-7踰덉?,"?몄쿇愿묒뿭??誘몄텛?援??명븯濡?7踰덇만 34, 2痢?(?⑺쁽??",
?쇰컲?뚯떇?????쇱옄(won pizza),遺꾩떇,?곸뾽/?뺤긽,?몄쿇愿묒뿭??誘몄텛?援??⑺쁽??181-17,"?몄쿇愿묒뿭??誘몄텛?援??명븯濡?7踰덇만 26, 2痢?(?⑺쁽??"
?쇰컲?뚯떇??怨듭감 (?몄쿇?명븯???,寃쎌뼇???곸뾽/?뺤긽,?몄쿇愿묒뿭??誘몄텛?援??⑺쁽??198-19踰덉?,?몄쿇愿묒뿭??誘몄텛?援??명븯濡?63 (?⑺쁽??,
?쇰컲?뚯떇???섎씪,?명봽/?듬떗,?곸뾽/?뺤긽,?몄쿇愿묒뿭??誘몄텛?援??⑺쁽??191-93踰덉?,?몄쿇愿묒뿭??誘몄텛?援??명븯濡?7踰덇만 6-27 (?⑺쁽??
?쇰컲?뚯떇??源뚯궗?щ━釉?寃쎌뼇???곸뾽/?뺤긽,?몄쿇愿묒뿭??誘몄텛?援??⑺쁽??165-4踰덉?,"?몄쿇愿묒뿭??誘몄텛?援??명븯濡?7踰덇만 5, 1痢?(?⑺쁽??",,
?쇰컲?뚯떇???꾨룄??遺덈떗諛??쒖떇,?곸뾽/?뺤긽,?몄쿇愿묒뿭??誘몄텛?援??⑺쁽??185-5 (1痢?,?몄쿇愿묒뿭??誘몄텛?援??명븯濡?05踰덇만 19 (?⑺쁽??(1痢?),
?쇰컲?뚯떇???꾩뼱???명봽/?듬떗,?곸뾽/?뺤긽,"?몄쿇愿묒뿭??誘몄텛?援??⑺쁽??195-12 吏痢?""?몄쿇愿묒뿭??誘몄텛?援??명븯濡?7踰덇만 24-27 (?⑺쁽??吏痢?""",,
?쇰컲?뚯떇???쇱영?몄씤?섎? 蹂몄젏,以묎뎅???곸뾽/?뺤긽,?몄쿇愿묒뿭??誘몄텛?援??⑺쁽??190-15,"?몄쿇愿묒뿭??誘몄텛?援??명븯濡?79, 2痢?(?⑺쁽??",
?쇰컲?뚯떇???대뒛李뱀??쒕?,?쒖떇,?곸뾽/?뺤긽,?몄쿇愿묒뿭??誘몄텛?援??⑺쁽??38-1,?몄쿇愿묒뿭??誘몄텛?援??명븯濡?64踰덇만 3 (?⑺쁽??
?쇰컲?뚯떇???뚮뱶??湲고?,?곸뾽/?뺤긽,?몄쿇愿묒뿭??誘몄텛?援??⑺쁽??88-41,"?몄쿇愿묒뿭??誘몄텛?援??명븯濡?20踰덇만 24-6, 1痢?(?⑺쁽??",
?쇰컲?뚯떇???뺤젣 ??섕移??쒖떇,?곸뾽/?뺤긽,?몄쿇愿묒뿭??誘몄텛?援??⑺쁽??190-25,"?몄쿇愿묒뿭??誘몄텛?援??명븯濡?85, 1痢?醫뚯륫??(?⑺쁽??",
?쇰컲?뚯떇??怨좉린?몃” ?명븯???湲고?,?곸뾽/?뺤긽,?몄쿇愿묒뿭??誘몄텛?援??⑺쁽??191-1,"?몄쿇愿묒뿭??誘몄텛?援??명븯濡?77, 2痢?(?⑺쁽??",
?쇰컲?뚯떇??踰좎뼱踰좊━,湲고?,?곸뾽/?뺤긽,"?몄쿇愿묒뿭??誘몄텛?援??⑺쁽??95-21 102??""?몄쿇愿묒뿭??誘몄텛?援??명븯濡?1踰덇만 51-4"," 1痢?102??(?⑺쁽??"""
?쇰컲?뚯떇??硫댁떇???명븯????쒖떇,?곸뾽/?뺤긽,?몄쿇愿묒뿭??誘몄텛?援??⑺쁽??192-2,"?몄쿇愿묒뿭??誘몄텛?援??명븯濡?71-1, 2痢?(?⑺쁽??",
?쇰컲?뚯떇???몃툙?섏엲,?명봽/?듬떗,?곸뾽/?뺤긽,"?몄쿇愿묒뿭??誘몄텛?援??⑺쁽??31-24 1痢?""?몄쿇愿묒뿭??誘몄텛?援??명븯濡?149 (?⑺쁽??1痢?""",
?쇰컲?뚯떇??遺由щ삉?뺢굅??湲고?,?곸뾽/?뺤긽,?몄쿇愿묒뿭??誘몄텛?援??⑺쁽??66-8踰덉?,?몄쿇愿묒뿭??誘몄텛?援??명븯濡?47踰덇만 27 (?⑺쁽??,
?쇰컲?뚯떇???덉삤???명봽/?듬떗,?곸뾽/?뺤긽,"?몄쿇愿묒뿭??誘몄텛?援??⑺쁽??188-17踰덉? , 1痢?,?몄쿇愿묒뿭??誘몄텛?援??명븯濡?7踰덇만 12"," 1痢?(?⑺쁽??""",
?쇰컲?뚯떇???ㅼ뜽 2,寃쎌뼇???곸뾽/?뺤긽,?몄쿇愿묒뿭??誘몄텛?援??⑺쁽??194-30,"?몄쿇愿묒뿭??誘몄텛?援??명븯濡?7踰덇만 21, 3痢?(?⑺쁽??",
?쇰컲?뚯떇???ㅼ슦由ъ떇???쒖떇,?곸뾽/?뺤긽,?몄쿇愿묒뿭??誘몄텛?援??⑺쁽??194-6,?몄쿇愿묒뿭??誘몄텛?援??명븯濡?7踰덇만 16 (?⑺쁽??,
?쇰컲?뚯떇???덉닔?꾨퉬?덇퉴??遺꾩떇,?곸뾽/?뺤긽,?몄쿇愿묒뿭??誘몄텛?援??⑺쁽??198-20踰덉?,?몄쿇愿묒뿭??誘몄텛?援??명븯濡?61-1 (?⑺쁽??,
?쇰컲?뚯떇???꾨?怨쟅I,?뺤쥌/??ъ쭛/?뚯＜諛??곸뾽/?뺤긽,?몄쿇愿묒뿭??誘몄텛?援??⑺쁽??195-19 (2F),?몄쿇愿묒뿭??誘몄텛?援??명븯濡?7踰덇만 24-9 (?⑺쁽??(2F)),
?쇰컲?뚯떇???꾨?怨??뺤쥌/??ъ쭛/?뚯＜諛??곸뾽/?뺤긽,?몄쿇愿묒뿭??誘몄텛?援??⑺쁽??195-19,?몄쿇愿묒뿭??誘몄텛?援??명븯濡?7踰덇만 24-9 (?⑺쁽??,,
?쇰컲?뚯떇??吏?섏닠吏??잛쭛,?곸뾽/?뺤긽,?몄쿇愿묒뿭??誘몄텛?援??⑺쁽??191-1踰덉? 吏???몄쿇愿묒뿭??誘몄텛?援??명븯濡?吏??77 (?⑺쁽??,,
?쇰컲?뚯떇??濡ㅻ쭅?뚯뒪?(?명븯???,?쒖떇,?곸뾽/?뺤긽,"?몄쿇愿묒뿭??誘몄텛?援??⑺쁽??199-4 ,2痢?,?몄쿇愿묒뿭??誘몄텛?援??명븯濡?55-1"," 2痢?(?⑺쁽??"""
?쇰컲?뚯떇??吏꾪솕荑듯뫖留덈씪??以묎뎅???곸뾽/?뺤긽,?몄쿇愿묒뿭??誘몄텛?援??⑺쁽??190-18,"?몄쿇愿묒뿭??誘몄텛?援??명븯濡?7踰덇만 6, 2痢?(?⑺쁽??",,
?쇰컲?뚯떇???꾩씠?〓낭???쒖떇,?곸뾽/?뺤긽,?몄쿇愿묒뿭??誘몄텛?援??⑺쁽??190-13,?몄쿇愿묒뿭??誘몄텛?援??명븯濡?7踰덇만 6-30 (?⑺쁽??,
?쇰컲?뚯떇??29?ъ감,湲고?,?곸뾽/?뺤긽,?몄쿇愿묒뿭??誘몄텛?援??⑺쁽??182-26踰덉? 吏??痢듯샇,"?몄쿇愿묒뿭??誘몄텛?援??명븯濡?7踰덇만 20, 吏??痢듯샇 (?⑺쁽??"
?쇰컲?뚯떇???댁궘?좎뒪???명븯???湲고?,?곸뾽/?뺤긽,"?몄쿇愿묒뿭??誘몄텛?援??⑺쁽??190-32 媛??1痢?""?몄쿇愿묒뿭??誘몄텛?援??명븯濡?83 (?⑺쁽??媛??1痢?""",,
?쇰컲?뚯떇???꾪룷??湲고?,?곸뾽/?뺤긽,?몄쿇愿묒뿭??誘몄텛?援??⑺쁽??197-19,?몄쿇愿묒뿭??誘몄텛?援??명븯濡?7踰덇만 15 (?⑺쁽??,
?쇰컲?뚯떇??援???뺤꽌,?쒖떇,?곸뾽/?뺤긽,?몄쿇愿묒뿭??誘몄텛?援??⑺쁽??195-12,?몄쿇愿묒뿭??誘몄텛?援??명븯濡?7踰덇만 24-27 (?⑺쁽??
?쇰컲?뚯떇???곸쥌遺덈갚,?쒖떇,?곸뾽/?뺤긽,?몄쿇愿묒뿭??誘몄텛?援??⑺쁽??198-36踰덉?,?몄쿇愿묒뿭??誘몄텛?援??명븯濡?63-1 (?⑺쁽??
?쇰컲?뚯떇???덉빱?덉뒪,?명봽/?듬떗,?곸뾽/?뺤긽,?몄쿇愿묒뿭??誘몄텛?援??⑺쁽??193-6踰덉?,?몄쿇愿묒뿭??誘몄텛?援??명븯濡?7踰덇만 10 (?⑺쁽??
?쇰컲?뚯떇???숇?臾몄뿽湲곕뼞蹂띠씠 ?몄쿇 ?명븯????쒖떇,?곸뾽/?뺤긽,?몄쿇愿묒뿭??誘몄텛?援??⑺쁽??194-3,"?몄쿇愿묒뿭??誘몄텛?援??명븯濡?7踰덇만 24-10, 1痢?(?⑺쁽??",
?쇰컲?뚯떇???먮떞移섑궓 ?명븯????쒖떇,?곸뾽/?뺤긽,?몄쿇愿묒뿭??誘몄텛?援??⑺쁽??39-25,?몄쿇愿묒뿭??誘몄텛?援??명븯濡?160 (?⑺쁽??,
?쇰컲?뚯떇???쒖씠?붾툝??J.W) ?ъ슫??湲고?,?곸뾽/?뺤긽,?몄쿇愿묒뿭??誘몄텛?援??⑺쁽??195-23,"?몄쿇愿묒뿭??誘몄텛?援??명븯濡?7踰덇만 66, 吏??痢?(?⑺쁽??",
?쇰컲?뚯떇??誘몃줈怨깆갹,?쒖떇,?곸뾽/?뺤긽,?몄쿇愿묒뿭??誘몄텛?援??⑺쁽??195-20,"?몄쿇愿묒뿭??誘몄텛?援??명븯濡?7踰덇만 29, 吏??痢?(?⑺쁽??"
?쇰컲?뚯떇???곸꽦猷?以묎뎅???곸뾽/?뺤긽,?몄쿇愿묒뿭??誘몄텛?援??⑺쁽??199-9踰덉? (2痢?,?몄쿇愿묒뿭??誘몄텛?援??명븯濡?53 (?⑺쁽??(2痢?),,
?쇰컲?뚯떇??二쇱젒吏??듬떗(移섑궓),?곸뾽/?뺤긽,?몄쿇愿묒뿭??誘몄텛?援??⑺쁽??194-30,?몄쿇愿묒뿭??誘몄텛?援??명븯濡?7踰덇만 21 (?⑺쁽??,
?쇰컲?뚯떇??吏吏怨??명븯????쒖떇,?곸뾽/?뺤긽,?몄쿇愿묒뿭??誘몄텛?援??⑺쁽??198-32踰덉?,?몄쿇愿묒뿭??誘몄텛?援??명븯濡?67 (?⑺쁽??,
?쇰컲?뚯떇???닿?李쒗븳???명븯????명봽/?듬떗,?곸뾽/?뺤긽,?몄쿇愿묒뿭??誘몄텛?援??⑺쁽??192-5,"?몄쿇愿묒뿭??誘몄텛?援??명븯濡?69-2, 2痢?(?⑺쁽??",
?쇰컲?뚯떇???ㅼ뜽 1,?명봽/?듬떗,?곸뾽/?뺤긽,"?몄쿇愿묒뿭??誘몄텛?援??⑺쁽??194-30 2痢?""?몄쿇愿묒뿭??誘몄텛?援??명븯濡?7踰덇만 21 (?⑺쁽??2痢?""",
?쇰컲?뚯떇???섎끂??蹂??명봽/?듬떗,?곸뾽/?뺤긽,?몄쿇愿묒뿭??誘몄텛?援??⑺쁽??194-29,"?몄쿇愿묒뿭??誘몄텛?援??명븯濡?7踰덇만 24-30, 2痢?(?⑺쁽??",
?쇰컲?뚯떇???뚯쑀耳?댄겕誘??쒖떇,?곸뾽/?뺤긽,?몄쿇愿묒뿭??誘몄텛?援??⑺쁽??38-13,?몄쿇愿묒뿭??誘몄텛?援??명븯濡?170-3 (?⑺쁽??,
?쇰컲?뚯떇??吏쒖옣?꾩꽕,以묎뎅???곸뾽/?뺤긽,?몄쿇愿묒뿭??誘몄텛?援??⑺쁽??195-17,?몄쿇愿묒뿭??誘몄텛?援??명븯濡?7踰덇만 33 (?⑺쁽??,
?쇰컲?뚯떇??遺덉븘?붿댅遺덈컮踰좏걧,?명봽/?듬떗,?곸뾽/?뺤긽,"?몄쿇愿묒뿭??誘몄텛?援??⑺쁽??15-7 , 1痢?,?몄쿇愿묒뿭??誘몄텛?援??명븯濡?47踰덇만 28"," 1痢?(?⑺쁽??"""
?쇰컲?뚯떇??堉덉븪??媛먯옄???⑺쁽???쒖떇,?곸뾽/?뺤긽,?몄쿇愿묒뿭??誘몄텛?援??⑺쁽??95-27,?몄쿇愿묒뿭??誘몄텛?援??명븯濡?1踰덇만 47 (?⑺쁽??,
?쇰컲?뚯떇???뺣룉源뚯뒪,?쒖떇,?곸뾽/?뺤긽,"?몄쿇愿묒뿭??誘몄텛?援??⑺쁽??187-40踰덉? 2痢?""?몄쿇愿묒뿭??誘몄텛?援??명븯濡?1踰덇만 6"," 2痢?(?⑺쁽??"""
?쇰컲?뚯떇???됰났???고깂援ъ씠,?뺣쪟(蹂댁떊??,?곸뾽/?뺤긽,?몄쿇愿묒뿭??誘몄텛?援??⑺쁽??80-57踰덉?,?몄쿇愿묒뿭??誘몄텛?援??명븯濡?125-3 (?⑺쁽??
?쇰컲?뚯떇???깊솕?댁옣援??명븯???쒖떇,?곸뾽/?뺤긽,?몄쿇愿묒뿭??誘몄텛?援??⑺쁽??96-30,?몄쿇愿묒뿭??誘몄텛?援??명븯濡?05踰덇만 42 (?⑺쁽??,
?쇰컲?뚯떇???쇨껸?섎궃,?앹쑁(??텋援ъ씠),?곸뾽/?뺤긽,?몄쿇愿묒뿭??誘몄텛?援??⑺쁽??199-7,?몄쿇愿묒뿭??誘몄텛?援??명븯濡?7踰덇만 18 (?⑺쁽??
?쇰컲?뚯떇????덉펲??湲고?,?곸뾽/?뺤긽,?몄쿇愿묒뿭??誘몄텛?援??⑺쁽??169-12,?몄쿇愿묒뿭??誘몄텛?援??명븯濡?7踰덇만 71 (?⑺쁽??,
?쇰컲?뚯떇??29?ъ감1,?뺤쥌/??ъ쭛/?뚯＜諛??곸뾽/?뺤긽,"?몄쿇愿묒뿭??誘몄텛?援??⑺쁽??182-26 1痢?""?몄쿇愿묒뿭??誘몄텛?援??명븯濡?7踰덇만 20 (?⑺쁽??1痢?""",,
?쇰컲?뚯떇???섏씠蹂?留덈삉,?쇱떇,?곸뾽/?뺤긽,"?몄쿇愿묒뿭??誘몄텛?援??⑺쁽??195-16 , 2痢?,?몄쿇愿묒뿭??誘몄텛?援??명븯濡?7踰덇만 25"," 2痢?(?⑺쁽??"""
?쇰컲?뚯떇???좎큿?ㅻ툕?ㅻ툕,?쒖떇,?곸뾽/?뺤긽,"?몄쿇愿묒뿭??誘몄텛?援??⑺쁽??198-18踰덉? , 2痢?,?몄쿇愿묒뿭??誘몄텛?援??명븯濡?7踰덇만 3"," 2痢?(?⑺쁽??"""
?쇰컲?뚯떇???뺤쭅?좊? ?명븯???遺꾩떇,?곸뾽/?뺤긽,"?몄쿇愿묒뿭??誘몄텛?援??⑺쁽??193-6 ,1痢?,?몄쿇愿묒뿭??誘몄텛?援??명븯濡?7踰덇만 10"," 1痢?(?⑺쁽??""",
?쇰컲?뚯떇??諛뺤??쒕え?섏닚?援?냼癒몃━援?갈(?명븯???,遺꾩떇,?곸뾽/?뺤긽,?몄쿇愿묒뿭??誘몄텛?援??⑺쁽??190-29,?몄쿇愿묒뿭??誘몄텛?援??명븯濡?89 (?⑺쁽??
?쇰컲?뚯떇??遊꾨궇?媛꾨떎,?쒖떇,?곸뾽/?뺤긽,"?몄쿇愿묒뿭??誘몄텛?援??⑺쁽??181-13 4痢?""?몄쿇愿묒뿭??誘몄텛?援??명븯濡?7踰덇만 30"," 4痢?(?⑺쁽??"""
?쇰컲?뚯떇???ъ숴?쒕갑,?쒖떇,?곸뾽/?뺤긽,?몄쿇愿묒뿭??誘몄텛?援??⑺쁽??80-32踰덉?,?몄쿇愿묒뿭??誘몄텛?援??명븯濡?19踰덇만 4 (?⑺쁽??
?쇰컲?뚯떇???쒖넡?꾩떆?쎌씤?섎??꾨Ц???쒖떇,?곸뾽/?뺤긽,?몄쿇愿묒뿭??誘몄텛?援??⑺쁽??198-32踰덉?,?몄쿇愿묒뿭??誘몄텛?援??명븯濡?67 (?⑺쁽??,
?쇰컲?뚯떇??湲곗쁺?댁댅遺덈몢留덈━移섑궓 ?명븯????명봽/?듬떗,?곸뾽/?뺤긽,?몄쿇愿묒뿭??誘몄텛?援??⑺쁽??193-3,?몄쿇愿묒뿭??誘몄텛?援??명븯濡?7踰덇만 6-11 (?⑺쁽??,
?쇰컲?뚯떇???쒕ぉ,?명봽/?듬떗,?곸뾽/?뺤긽,?몄쿇愿묒뿭??誘몄텛?援??⑺쁽??182-2,"?몄쿇愿묒뿭??誘몄텛?援??명븯濡?7踰덇만 18, 吏??痢?(?⑺쁽??"
?쇰컲?뚯떇???μ?肄⑹?,?쒖떇,?곸뾽/?뺤긽,"?몄쿇愿묒뿭??誘몄텛?援??⑺쁽??165-3踰덉? , 1痢?,?몄쿇愿묒뿭??誘몄텛?援??명븯濡?47"," 1痢?(?⑺쁽??"""
?쇰컲?뚯떇???먭렇?쒕엻 ?명븯????쇱떇,?곸뾽/?뺤긽,"?몄쿇愿묒뿭??誘몄텛?援??⑺쁽??182-1踰덉? , 1痢?,?몄쿇愿묒뿭??誘몄텛?援??명븯濡?7踰덇만 22"," 1痢?(?⑺쁽??""",
?쇰컲?뚯떇???대え?≪쫱?앸뼞蹂띠씠,遺꾩떇,?곸뾽/?뺤긽,?몄쿇愿묒뿭??誘몄텛?援??⑺쁽??188-13踰덉?,?몄쿇愿묒뿭??誘몄텛?援??명븯濡?7踰덇만 6-21 (?⑺쁽??
?쇰컲?뚯떇???쒖갹??泥쒗븯?쇰㈃ ?명븯????쒖떇,?곸뾽/?뺤긽,?몄쿇愿묒뿭??誘몄텛?援??⑺쁽??190-12,?몄쿇愿묒뿭??誘몄텛?援??명븯濡?7踰덇만 6-38 (?⑺쁽??,
?쇰컲?뚯떇???쒖뿉?ㅽ? 而ㅽ뵾?섏슦??湲고?,?곸뾽/?뺤긽,?몄쿇愿묒뿭??誘몄텛?援??⑺쁽??78-24,?몄쿇愿묒뿭??誘몄텛?援??명븯濡?33踰덇만 29-22 (?⑺쁽??,
?쇰컲?뚯떇???뺤씤怨깆갹,?쒖떇,?곸뾽/?뺤긽,?몄쿇愿묒뿭??誘몄텛?援??⑺쁽??182-3,"?몄쿇愿묒뿭??誘몄텛?援??명븯濡?7踰덇만 18-1, 2痢?(?⑺쁽??"
?쇰컲?뚯떇???꾩옱遺덈떗諛??명봽/?듬떗,?곸뾽/?뺤긽,?몄쿇愿묒뿭??誘몄텛?援??⑺쁽??195-12,"?몄쿇愿묒뿭??誘몄텛?援??명븯濡?7踰덇만 24-27, 2痢?(?⑺쁽??",
?쇰컲?뚯떇???대컲誘??쒖떇,?곸뾽/?뺤긽,"?몄쿇愿묒뿭??誘몄텛?援??⑺쁽??190-29 2痢?""?몄쿇愿묒뿭??誘몄텛?援??명븯濡?89"," 2痢?(?⑺쁽??""",
?쇰컲?뚯떇???덉뼱濡쒕낫?쒓쾶?꾩뭅???명븯????쒖떇,?곸뾽/?뺤긽,?몄쿇愿묒뿭??誘몄텛?援??⑺쁽??188-17,"?몄쿇愿묒뿭??誘몄텛?援??명븯濡?7踰덇만 12, 吏??痢?(?⑺쁽??",
?쇰컲?뚯떇???명븯諛섏젏,以묎뎅???곸뾽/?뺤긽,?몄쿇愿묒뿭??誘몄텛?援??⑺쁽??190-25,?몄쿇愿묒뿭??誘몄텛?援??명븯濡?85 (?⑺쁽??,
?쇰컲?뚯떇??瑗대ぉ ?명븯????명봽/?듬떗,?곸뾽/?뺤긽,?몄쿇愿묒뿭??誘몄텛?援??⑺쁽??194-10,?몄쿇愿묒뿭??誘몄텛?援??명븯濡?7踰덇만 24-20 (?⑺쁽??,
?쇰컲?뚯떇???뺥솕荑듯뫖,以묎뎅???곸뾽/?뺤긽,?몄쿇愿묒뿭??誘몄텛?援??⑺쁽??194-21,?몄쿇愿묒뿭??誘몄텛?援??명븯濡?7踰덇만 17 (?⑺쁽??,
?쇰컲?뚯떇????쟾?좊㉧??留μ＜,湲고?,?곸뾽/?뺤긽,?몄쿇愿묒뿭??誘몄텛?援??⑺쁽??194-29踰덉?,?몄쿇愿묒뿭??誘몄텛?援??명븯濡?7踰덇만 24-30 (?⑺쁽??
?쇰컲?뚯떇???쇱궪?ㅼ삤,?쒖떇,?곸뾽/?뺤긽,?몄쿇愿묒뿭??誘몄텛?援??⑺쁽??190-32踰덉?,?몄쿇愿묒뿭??誘몄텛?援??명븯濡?83 (?⑺쁽??
?쇰컲?뚯떇??29?ъ감2,?명봽/?듬떗,?곸뾽/?뺤긽,"?몄쿇愿묒뿭??誘몄텛?援??⑺쁽??182-26踰덉? 2痢?""?몄쿇愿묒뿭??誘몄텛?援??명븯濡?7踰덇만 20 (?⑺쁽??2痢?""",
?쇰컲?뚯떇???꾨?怨?蹂꾧?,?명봽/?듬떗,?곸뾽/?뺤긽,?몄쿇愿묒뿭??誘몄텛?援??⑺쁽??194-2,"?몄쿇愿묒뿭??誘몄텛?援??명븯濡?7踰덇만 24-24, 2痢?(?⑺쁽??"
?쇰컲?뚯떇???ㅻŉ???源?섏쑁,?쒖떇,?곸뾽/?뺤긽,?몄쿇愿묒뿭??誘몄텛?援??⑺쁽??195-23,?몄쿇愿묒뿭??誘몄텛?援??명븯濡?7踰덇만 66 (?⑺쁽??
?쇰컲?뚯떇??理쒓컯硫댁삦,遺꾩떇,?곸뾽/?뺤긽,?몄쿇愿묒뿭??誘몄텛?援??⑺쁽??32-7,?몄쿇愿묒뿭??誘몄텛?援??명븯濡?157 (?⑺쁽??
?쇰컲?뚯떇??異ㅼ텛?붽컝留ㅺ린,湲고?,?곸뾽/?뺤긽,?몄쿇愿묒뿭??誘몄텛?援??⑺쁽??194-2,"?몄쿇愿묒뿭??誘몄텛?援??명븯濡?7踰덇만 24-24, 1痢?(?⑺쁽??"
?쇰컲?뚯떇???앺뙋?뺥룷李??뺤쥌/??ъ쭛/?뚯＜諛??곸뾽/?뺤긽,?몄쿇愿묒뿭??誘몄텛?援??⑺쁽??170-1踰덉? 吏???몄쿇愿묒뿭??誘몄텛?援??명븯濡?7踰덇만 48 (?⑺쁽??,,,
?쇰컲?뚯떇??援щ쫫移댁툩 ?명븯???湲고?,?곸뾽/?뺤긽,?몄쿇愿묒뿭??誘몄텛?援??⑺쁽??198-27,?몄쿇愿묒뿭??誘몄텛?援??명븯濡?7踰덇만 5 (?⑺쁽??,
?쇰컲?뚯떇???고솕留덉쓣,?쒖떇,?곸뾽/?뺤긽,?몄쿇愿묒뿭??誘몄텛?援??⑺쁽??80-39踰덉?,?몄쿇愿묒뿭??誘몄텛?援??명븯濡?121 (?⑺쁽??
?쇰컲?뚯떇??留ㅼ슫??湲고?,?곸뾽/?뺤긽,?몄쿇愿묒뿭??誘몄텛?援??⑺쁽??193-6,"?몄쿇愿묒뿭??誘몄텛?援??명븯濡?7踰덇만 10, 2痢?(?⑺쁽??",
?쇰컲?뚯떇???μ씠???댁옣援??쒖떇,?곸뾽/?뺤긽,?몄쿇愿묒뿭??誘몄텛?援??⑺쁽??50-4,?몄쿇愿묒뿭??誘몄텛?援??명븯濡?143 (?⑺쁽??,
?쇰컲?뚯떇???뚮툝留?遺꾩떇,?곸뾽/?뺤긽,?몄쿇愿묒뿭??誘몄텛?援??⑺쁽??190-13踰덉?,?몄쿇愿묒뿭??誘몄텛?援??명븯濡?7踰덇만 6-30 (?⑺쁽??,
?쇰컲?뚯떇???쇱껌???명븯????쒖떇,?곸뾽/?뺤긽,?몄쿇愿묒뿭??誘몄텛?援??⑺쁽??198-21,?몄쿇愿묒뿭??誘몄텛?援??명븯濡?61 (?⑺쁽??,
?쇰컲?뚯떇???섑?5900,以묎뎅???곸뾽/?뺤긽,?몄쿇愿묒뿭??誘몄텛?援??⑺쁽??185-1,?몄쿇愿묒뿭??誘몄텛?援??명븯濡?05踰덇만 21 (?⑺쁽??,
?쇰컲?뚯떇??怨꾩냽履쇰Ⅴ硫?遺꾩떇,?곸뾽/?뺤긽,?몄쿇愿묒뿭??誘몄텛?援??⑺쁽??187-41踰덉?,?몄쿇愿묒뿭??誘몄텛?援??명븯濡?101-1 (?⑺쁽??,
?쇰컲?뚯떇???쒖＜二쇱냼,湲고?,?곸뾽/?뺤긽,?몄쿇愿묒뿭??誘몄텛?援??⑺쁽??49-16踰덉?,?몄쿇愿묒뿭??誘몄텛?援??명븯濡?140 (?⑺쁽??
?쇰컲?뚯떇??寃쎈룞遺異붿궪寃뱀궡,?앹쑁(??텋援ъ씠),?곸뾽/?뺤긽,?몄쿇愿묒뿭??誘몄텛?援??⑺쁽??193-4踰덉? (2痢?,?몄쿇愿묒뿭??誘몄텛?援??명븯濡?7踰덇만 6-7 (?⑺쁽??(2痢?)
?쇰컲?뚯떇??癒몃（??ㅻ옒,遺꾩떇,?곸뾽/?뺤긽,?몄쿇愿묒뿭??誘몄텛?援??⑺쁽??95-30,?몄쿇愿묒뿭??誘몄텛?援??명븯濡?05踰덇만 30 (?⑺쁽??
?쇰컲?뚯떇??媛?쒕쾭???쒖떇,?곸뾽/?뺤긽,?몄쿇愿묒뿭??誘몄텛?援??⑺쁽??188-21,?몄쿇愿묒뿭??誘몄텛?援??명븯濡?7踰덇만 6-15 (?⑺쁽??,
?쇰컲?뚯떇???숆??숆? ?명븯????쒖떇,?곸뾽/?뺤긽,?몄쿇愿묒뿭??誘몄텛?援??⑺쁽??182-2,"?몄쿇愿묒뿭??誘몄텛?援??명븯濡?7踰덇만 18, 1痢?(?⑺쁽??",
?쇰컲?뚯떇??Whale house(?⑥씪 ?섏슦??,?쒖떇,?곸뾽/?뺤긽,?몄쿇愿묒뿭??誘몄텛?援??⑺쁽??182-3踰덉?,?몄쿇愿묒뿭??誘몄텛?援??명븯濡?7踰덇만 18-1 (?⑺쁽??
?쇰컲?뚯떇??異섎━,以묎뎅???곸뾽/?뺤긽,?몄쿇愿묒뿭??誘몄텛?援??⑺쁽??195-17,?몄쿇愿묒뿭??誘몄텛?援??명븯濡?7踰덇만 33 (?⑺쁽??,
?쇰컲?뚯떇???뚮떗癒밸뒗??湲고?,?곸뾽/?뺤긽,?몄쿇愿묒뿭??誘몄텛?援??⑺쁽??80-56,?몄쿇愿묒뿭??誘몄텛?援??명븯濡?125-6 (?⑺쁽??,
?쇰컲?뚯떇???섍섕移섎뜑?꾨━誘몄뾼,?명봽/?듬떗,?곸뾽/?뺤긽,"?몄쿇愿묒뿭??誘몄텛?援??⑺쁽??194-20踰덉? , 2痢?,?몄쿇愿묒뿭??誘몄텛?援??명븯濡?7踰덇만 19"," 2痢?(?⑺쁽??"""
?쇰컲?뚯떇???덉슱留덈떦,?명봽/?듬떗,?곸뾽/?뺤긽,?몄쿇愿묒뿭??誘몄텛?援??⑺쁽??188-2,"?몄쿇愿묒뿭??誘몄텛?援??명븯濡?7踰덇만 6-41, 吏??痢?(?⑺쁽??"
?쇰컲?뚯떇????移섑궓,?쒖떇,?곸뾽/?뺤긽,?몄쿇愿묒뿭??誘몄텛?援??⑺쁽??95-30,?몄쿇愿묒뿭??誘몄텛?援??명븯濡?05踰덇만 30 (?⑺쁽??
?쇰컲?뚯떇??李뚭컻?щ옉,?앹쑁(??텋援ъ씠),?곸뾽/?뺤긽,?몄쿇愿묒뿭??誘몄텛?援??⑺쁽??199-9踰덉?,?몄쿇愿묒뿭??誘몄텛?援??명븯濡?53 (?⑺쁽??
?쇰컲?뚯떇???먯뒋 ?명듃???꾨찘,寃쎌뼇???곸뾽/?뺤긽,?몄쿇愿묒뿭??誘몄텛?援??⑺쁽??187-44,"?몄쿇愿묒뿭??誘몄텛?援??명븯濡?05踰덇만 5, 1痢?(?⑺쁽??",
?쇰컲?뚯떇???뚯뒪?吏묒씠???명븯???遺꾩떇,?곸뾽/?뺤긽,?몄쿇愿묒뿭??誘몄텛?援??⑺쁽??67-14 ?꾪겕濡쒕퉴,?몄쿇愿묒뿭??誘몄텛?援??명븯濡?33踰덇만 46 (?⑺쁽?? ?꾪겕濡쒕퉴),
?쇰컲?뚯떇???꾨줈???뚯뒪? ?곗젙,湲고?,?곸뾽/?뺤긽,?몄쿇愿묒뿭??誘몄텛?援??⑺쁽??50-23,"?몄쿇愿묒뿭??誘몄텛?援??명븯濡?135-1, 1痢?(?⑺쁽??"
?쇰컲?뚯떇??移섏쫰諛μ븻?쒖?援?닔,?쒖떇,?곸뾽/?뺤긽,?몄쿇愿묒뿭??誘몄텛?援??⑺쁽??190-22,"?몄쿇愿묒뿭??誘몄텛?援??명븯濡?87, 2痢?(?⑺쁽??"
?쇰컲?뚯떇???섏?媛먯옄???쒖떇,?곸뾽/?뺤긽,?몄쿇愿묒뿭??誘몄텛?援??⑺쁽??187-19,"?몄쿇愿묒뿭??誘몄텛?援??명븯濡?101, 1痢?(?⑺쁽??",
?쇰컲?뚯떇???⑺쁽165,?쒖떇,?곸뾽/?뺤긽,?몄쿇愿묒뿭??誘몄텛?援??⑺쁽??165-1,"?몄쿇愿묒뿭??誘몄텛?援??명븯濡?45, 吏??~1痢?(?⑺쁽??"
?쇰컲?뚯떇???꾨젅???쇱옄 誘몄텛???湲고?,?곸뾽/?뺤긽,?몄쿇愿묒뿭??誘몄텛?援??⑺쁽??32-22,"?몄쿇愿묒뿭??誘몄텛?援??명븯濡?63踰덇만 3, 1痢?(?⑺쁽??",
?쇰컲?뚯떇???먮줈?고뵾??誘몄텛???湲고?,?곸뾽/?뺤긽,"?몄쿇愿묒뿭??誘몄텛?援??⑺쁽??66-18 1痢?""?몄쿇愿묒뿭??誘몄텛?援??명븯濡?1踰덇만 125"," 1痢?(?⑺쁽??""",
?쇰컲?뚯떇??誘몄떇??寃쎌뼇???곸뾽/?뺤긽,"?몄쿇愿묒뿭??誘몄텛?援??⑺쁽??193-5 1痢?""?몄쿇愿묒뿭??誘몄텛?援??명븯濡?7踰덇만 6"," 1痢?(?⑺쁽??""",,
?쇰컲?뚯떇??湲덊씗??以묎뎅???곸뾽/?뺤긽,?몄쿇愿묒뿭??誘몄텛?援??⑺쁽??50-15踰덉?,?몄쿇愿묒뿭??誘몄텛?援??명븯濡?135 (?⑺쁽??,,
?쇰컲?뚯떇???밸굹諛쒗룷李??명븯???遺꾩떇,?곸뾽/?뺤긽,?몄쿇愿묒뿭??誘몄텛?援??⑺쁽??195-30,?몄쿇愿묒뿭??誘몄텛?援??명븯濡?7踰덇만 24-17 (?⑺쁽??,
?쇰컲?뚯떇??怨깆갹?ㅻ갑,?쒖떇,?곸뾽/?뺤긽,?몄쿇愿묒뿭??誘몄텛?援??⑺쁽??92-25,?몄쿇愿묒뿭??誘몄텛?援??명븯濡?115-4 (?⑺쁽??
?쇰컲?뚯떇???ъ??덉?珥덈갈,?쒖떇,?곸뾽/?뺤긽,?몄쿇愿묒뿭??誘몄텛?援??⑺쁽??188-9,?몄쿇愿묒뿭??誘몄텛?援??명븯濡?7踰덇만 6-29 (?⑺쁽??
?쇰컲?뚯떇???쀬뭅??HOOT cafe),遺꾩떇,?곸뾽/?뺤긽,?몄쿇愿묒뿭??誘몄텛?援??⑺쁽??188-12,?몄쿇愿묒뿭??誘몄텛?援??명븯濡?7踰덇만 6-25 (?⑺쁽??
?쇰컲?뚯떇???곗툩??湲고?,?곸뾽/?뺤긽,?몄쿇愿묒뿭??誘몄텛?援??⑺쁽??198-32,"?몄쿇愿묒뿭??誘몄텛?援??명븯濡?67, 吏??痢?(?⑺쁽??",
?쇰컲?뚯떇??鍮쎈낫?댄뵾???몄쿇?명븯????뺤쥌/??ъ쭛/?뚯＜諛??곸뾽/?뺤긽,?몄쿇愿묒뿭??誘몄텛?援??⑺쁽??186-7,?몄쿇愿묒뿭??誘몄텛?援??명븯濡?1踰덇만 20 (?⑺쁽??,,
?쇰컲?뚯떇???좎큿?ㅻ쟻???쒖떇,?곸뾽/?뺤긽,?몄쿇愿묒뿭??誘몄텛?援??⑺쁽??198-18踰덉?,?몄쿇愿묒뿭??誘몄텛?援??명븯濡?7踰덇만 3 (?⑺쁽??,
?쇰컲?뚯떇???덇쾶???쒖떇,?곸뾽/?뺤긽,?몄쿇愿묒뿭??誘몄텛?援??⑺쁽??194-21,?몄쿇愿묒뿭??誘몄텛?援??명븯濡?7踰덇만 17 (?⑺쁽??,
?쇰컲?뚯떇???④낏?앸떦,?쒖떇,?곸뾽/?뺤긽,?몄쿇愿묒뿭??誘몄텛?援??⑺쁽??181-17,?몄쿇愿묒뿭??誘몄텛?援??명븯濡?7踰덇만 26 (?⑺쁽??
?쇰컲?뚯떇???먮윭由ъ븘 ?명븯????쒖떇,?곸뾽/?뺤긽,?몄쿇愿묒뿭??誘몄텛?援??⑺쁽??192-1,"?몄쿇愿묒뿭??誘몄텛?援??명븯濡?73, 2痢?(?⑺쁽??",
?쇰컲?뚯떇??寃쎈룞?쇨껸???앹쑁(??텋援ъ씠),?곸뾽/?뺤긽,?몄쿇愿묒뿭??誘몄텛?援??⑺쁽??193-4踰덉?,?몄쿇愿묒뿭??誘몄텛?援??명븯濡?7踰덇만 6-7 (?⑺쁽??,
?쇰컲?뚯떇????툑,?쒖떇,?곸뾽/?뺤긽,?몄쿇愿묒뿭??誘몄텛?援??⑺쁽??188-3,?몄쿇愿묒뿭??誘몄텛?援??명븯濡?7踰덇만 6-39 (?⑺쁽??
?쇰컲?뚯떇???由쇨뎅???명븯????앹쑁(??텋援ъ씠),?곸뾽/?뺤긽,?몄쿇愿묒뿭??誘몄텛?援??⑺쁽??195-24,?몄쿇愿묒뿭??誘몄텛?援??명븯濡?7踰덇만 35 (?⑺쁽??,
?쇰컲?뚯떇???듬갈 ?몄쿇?명븯????쒖떇,?곸뾽/?뺤긽,?몄쿇愿묒뿭??誘몄텛?援??⑺쁽??197-1,?몄쿇愿묒뿭??誘몄텛?援??명븯濡?7踰덇만 42 (?⑺쁽??,
?쇰컲?뚯떇??醫낅줈鍮덈????쒖떇,?곸뾽/?뺤긽,?몄쿇愿묒뿭??誘몄텛?援??⑺쁽??195-23,?몄쿇愿묒뿭??誘몄텛?援??명븯濡?7踰덇만 66 (?⑺쁽??,
?쇰컲?뚯떇???ш퀬?먮윭???명븯????쒖떇,?곸뾽/?뺤긽,?몄쿇愿묒뿭??誘몄텛?援??⑺쁽??198-32,?몄쿇愿묒뿭??誘몄텛?援??명븯濡?67 (?⑺쁽??,
?쇰컲?뚯떇???명븯媛?以묎뎅???곸뾽/?뺤긽,?몄쿇愿묒뿭??誘몄텛?援??⑺쁽??190-11,?몄쿇愿묒뿭??誘몄텛?援??명븯濡?87-1 (?⑺쁽??,,
?쇰컲?뚯떇??泥?쭊?숉빐?κ뎅,?쒖떇,?곸뾽/?뺤긽,?몄쿇愿묒뿭??誘몄텛?援??⑺쁽??187-40踰덉?,?몄쿇愿묒뿭??誘몄텛?援??명븯濡?1踰덇만 6 (?⑺쁽??
?쇰컲?뚯떇???쇳궎?좊━ ?덉꽱,?쒖떇,?곸뾽/?뺤긽,?몄쿇愿묒뿭??誘몄텛?援??⑺쁽??194-6,?몄쿇愿묒뿭??誘몄텛?援??명븯濡?7踰덇만 16 (?⑺쁽??
?쇰컲?뚯떇??留쏆궗??湲고?,?곸뾽/?뺤긽,?몄쿇愿묒뿭??誘몄텛?援??⑺쁽??190-24,?몄쿇愿묒뿭??誘몄텛?援??명븯濡?7踰덇만 6-26 (?⑺쁽??,
?쇰컲?뚯떇???щ옉梨??뺤쥌/??ъ쭛/?뚯＜諛??곸뾽/?뺤긽,"?몄쿇愿묒뿭??誘몄텛?援??⑺쁽??191-92 吏??痢?""?몄쿇愿묒뿭??誘몄텛?援??명븯濡?7踰덇만 6-31 (?⑺쁽??吏??痢?""",,,
?쇰컲?뚯떇???명븯10?멸?,?⑥뒪?명뫖???곸뾽/?뺤긽,"?몄쿇愿묒뿭??誘몄텛?援??⑺쁽??190-35 2痢?""?몄쿇愿묒뿭??誘몄텛?援??명븯濡?81 (?⑺쁽??2痢?""",,
?쇰컲?뚯떇????쟾?곕룞0410 ?명븯????쒖떇,?곸뾽/?뺤긽,"?몄쿇愿묒뿭??誘몄텛?援??⑺쁽??192-5 102??""?몄쿇愿묒뿭??誘몄텛?援??명븯濡?69-2"," 102??(?⑺쁽??""",
?쇰컲?뚯떇???멸뎄?ㅼ닠吏??명봽/?듬떗,?곸뾽/?뺤긽,?몄쿇愿묒뿭??誘몄텛?援??⑺쁽??194-21,"?몄쿇愿묒뿭??誘몄텛?援??명븯濡?7踰덇만 17, 吏??痢?(?⑺쁽??",
?쇰컲?뚯떇???μ씠???ъ감,?쒖떇,?곸뾽/?뺤긽,?몄쿇愿묒뿭??誘몄텛?援??⑺쁽??32-8,?몄쿇愿묒뿭??誘몄텛?援??명븯濡?155 (?⑺쁽??
?쇰컲?뚯떇??Coppia(肄뷀뵾??,?쒖떇,?곸뾽/?뺤긽,?몄쿇愿묒뿭??誘몄텛?援??⑺쁽??188-2踰덉?,?몄쿇愿묒뿭??誘몄텛?援??명븯濡?7踰덇만 6-41 (?⑺쁽??
?쇰컲?뚯떇???대룞移쇨뎅???쒖떇,?곸뾽/?뺤긽,?몄쿇愿묒뿭??誘몄텛?援??⑺쁽??190-8踰덉?,?몄쿇愿묒뿭??誘몄텛?援??명븯濡?7踰덇만 6-42 (?⑺쁽??,
?쇰컲?뚯떇??湲곌????명봽/?듬떗,?곸뾽/?뺤긽,?몄쿇愿묒뿭??誘몄텛?援??⑺쁽??195-13 吏??,?몄쿇愿묒뿭??誘몄텛?援??명븯濡?7踰덇만 24-31 (?⑺쁽??吏??),
?쇰컲?뚯떇???욌쑑,?듬떗(移섑궓),?곸뾽/?뺤긽,?몄쿇愿묒뿭??誘몄텛?援??⑺쁽??95-28踰덉?,?몄쿇愿묒뿭??誘몄텛?援??명븯濡?05踰덇만 28 (?⑺쁽??
?쇰컲?뚯떇??諛μ????쒖떇,?곸뾽/?뺤긽,?몄쿇愿묒뿭??誘몄텛?援??⑺쁽??190-12,?몄쿇愿묒뿭??誘몄텛?援??명븯濡?7踰덇만 6-38 (?⑺쁽??,
?쇰컲?뚯떇???붾Ц,湲고?,?곸뾽/?뺤긽,?몄쿇愿묒뿭??誘몄텛?援??⑺쁽??190-22踰덉? 吏??痢??몄쿇愿묒뿭??誘몄텛?援??명븯濡?吏??87 (?⑺쁽??,
?쇰컲?뚯떇??萸됲겕,遺꾩떇,?곸뾽/?뺤긽,?몄쿇愿묒뿭??誘몄텛?援??⑺쁽??198-36,?몄쿇愿묒뿭??誘몄텛?援??명븯濡?63-1 (?⑺쁽??
?쇰컲?뚯떇???명븯 ?뺤씪???쒖떇,?곸뾽/?뺤긽,?몄쿇愿묒뿭??誘몄텛?援??⑺쁽??193-1踰덉?,"?몄쿇愿묒뿭??誘몄텛?援??명븯濡?7踰덇만 6-19, 吏??痢?(?⑺쁽??",
?쇰컲?뚯떇???닿??ㅺ컧?먰깢,?쒖떇,?곸뾽/?뺤긽,"?몄쿇愿묒뿭??誘몄텛?援??⑺쁽??80-18踰덉? ,19","?몄쿇愿묒뿭??誘몄텛?援??명븯濡?127 (?⑺쁽??,19)"
?쇰컲?뚯떇???명븯?鍮꾨퉬???듬떗(移섑궓),?곸뾽/?뺤긽,?몄쿇愿묒뿭??誘몄텛?援??⑺쁽??35-7踰덉?,?몄쿇愿묒뿭??誘몄텛?援??명븯濡?63踰덇만 2 (?⑺쁽??,
?쇰컲?뚯떇???ㅻ뱶猷??명봽/?듬떗,?곸뾽/?뺤긽,?몄쿇愿묒뿭??誘몄텛?援??⑺쁽??195-17,"?몄쿇愿묒뿭??誘몄텛?援??명븯濡?7踰덇만 33, 吏??痢?(?⑺쁽??",
?쇰컲?뚯떇???ㅽ뵾痢좎빱??湲고?,?곸뾽/?뺤긽,"?몄쿇愿묒뿭??誘몄텛?援??⑺쁽??49-16 101??""?몄쿇愿묒뿭??誘몄텛?援??명븯濡?140"," 101??(?⑺쁽??""",
?쇰컲?뚯떇??媛쒗솕,媛먯꽦二쇱젏,?곸뾽/?뺤긽,?몄쿇愿묒뿭??誘몄텛?援??⑺쁽??194-3,"?몄쿇愿묒뿭??誘몄텛?援??명븯濡?7踰덇만 24-10, 2痢?(?⑺쁽??"
?쇰컲?뚯떇????댄궎???쇱옄,?앹쑁(??텋援ъ씠),?곸뾽/?뺤긽,?몄쿇愿묒뿭??誘몄텛?援??⑺쁽??195-20,"?몄쿇愿묒뿭??誘몄텛?援??명븯濡?7踰덇만 29, 1痢?(?⑺쁽??"
?쇰컲?뚯떇???⑹슜遺덈떗諛??명봽/?듬떗,?곸뾽/?뺤긽,?몄쿇愿묒뿭??誘몄텛?援??⑺쁽??15-7,"?몄쿇愿묒뿭??誘몄텛?援??명븯濡?47踰덇만 28, 1痢?醫뚯륫??(?⑺쁽??",
?쇰컲?뚯떇??鍮꾩썝,湲고?,?곸뾽/?뺤긽,?몄쿇愿묒뿭??誘몄텛?援??⑺쁽??92-30,"?몄쿇愿묒뿭??誘몄텛?援??명븯濡?117, 吏??痢?(?⑺쁽??"
?쇰컲?뚯떇???됲꽣由?臾댄븳????명븯?2?몄젏,?쒖떇,?곸뾽/?뺤긽,?몄쿇愿묒뿭??誘몄텛?援??⑺쁽??191-92,"?몄쿇愿묒뿭??誘몄텛?援??명븯濡?7踰덇만 6-31, 2痢?(?⑺쁽??"
?쇰컲?뚯떇???됲꽣由?臾댄븳????명븯?1?몄젏,酉뷀럹???곸뾽/?뺤긽,?몄쿇愿묒뿭??誘몄텛?援??⑺쁽??191-92,"?몄쿇愿묒뿭??誘몄텛?援??명븯濡?7踰덇만 6-31, 1痢?(?⑺쁽??",
?쇰컲?뚯떇???꾩떆??媛먯꽦二쇱젏,?곸뾽/?뺤긽,?몄쿇愿묒뿭??誘몄텛?援??⑺쁽??182-2,"?몄쿇愿묒뿭??誘몄텛?援??명븯濡?7踰덇만 18, 3痢?(?⑺쁽??",
